theta0,theta1,data_mean,data_sd
6331.832701504958,-1106.0197705309693,101066.25,51565.1899106445