theta0,theta1,data_mean,data_sd
6331.831159527035,-1106.019501079239,101066.25,51565.1899106445