theta0,theta1,data_mean,data_sd
6331.832701497943,-1106.0197705772034,101066.25,51565.1899106445