theta0,theta1,data_mean,data_sd
6331.832701553001,-1106.019770537494,101066.25,51565.1899106445